column,group,source,definition,calculation,missing_value_meaning,intended_use,eligible_for_clustering,reason
season_player_id,identifier,euroleague_players.csv,season_player_id identifier.,as provided,not applicable (identifier),exclude,exclude,"Identify the observation, not behavior."
season_code,identifier,euroleague_players.csv,season_code identifier.,as provided,not applicable (identifier),exclude,exclude,"Identify the observation, not behavior."
player_id,identifier,euroleague_players.csv,player_id identifier.,as provided,not applicable (identifier),exclude,exclude,"Identify the observation, not behavior."
player,identifier,euroleague_players.csv,player identifier.,as provided,not applicable (identifier),exclude,exclude,"Identify the observation, not behavior."
team_id,identifier,euroleague_players.csv,team_id identifier.,as provided,not applicable (identifier),exclude,exclude,"Identify the observation, not behavior."
height_cm,descriptive,players_bio.csv,Player height in centimeters.,as provided,player's profile page could not be fully scraped,clustering feature (physical profile),selected,Verified physical measurement that shapes playing style.
position,descriptive,players_bio.csv,Traditional position (Guard/Forward/Center).,as provided,player's profile page could not be fully scraped,comparison only,comparison_only,"Used only to interpret clusters afterwards, never to define them."
nationality,descriptive,players_bio.csv,Player nationality.,as provided,profile page could not be fully scraped,exclude,exclude,"Identify the observation, not behavior."
born,descriptive,players_bio.csv,Date of birth.,as provided,profile page could not be fully scraped,exclude,exclude,"Identify the observation, not behavior."
games_played,coverage,euroleague_players.csv,Season total for games played.,as provided,not applicable (always present),exclude,exclude,"Describe observation volume or data quality, not role."
games_started,coverage,euroleague_players.csv,Season total for games started.,as provided,not applicable (always present),exclude,exclude,"Describe observation volume or data quality, not role."
minutes,coverage,euroleague_players.csv,Season total for minutes.,as provided,not applicable (always present),exclude,exclude,"Describe observation volume or data quality, not role."
has_positive_minutes,coverage,derived,Flag: has positive minutes.,boolean condition,not applicable (always present),exclude,exclude,"Describe observation volume or data quality, not role."
has_positive_games,coverage,derived,Flag: has positive games.,boolean condition,not applicable (always present),exclude,exclude,"Describe observation volume or data quality, not role."
has_event_data,coverage,derived,Flag: has event data.,boolean condition,not applicable (always present),exclude,exclude,"Describe observation volume or data quality, not role."
has_valid_spatial_data,coverage,derived,Flag: has valid spatial data.,boolean condition,not applicable (always present),exclude,exclude,"Describe observation volume or data quality, not role."
shot_event_count,coverage,euroleague_points.csv (aggregated),Count of shot event count.,groupby size on the shot-attempt subset,0 shots recorded for this player-season-team,exclude,exclude,"Describe observation volume or data quality, not role."
valid_spatial_shot_count,coverage,euroleague_points.csv (aggregated),Count of valid spatial shot count.,groupby size on the shot-attempt subset,0 shots recorded for this player-season-team,exclude,exclude,"Describe observation volume or data quality, not role."
valid_zone_shot_count,coverage,euroleague_points.csv (aggregated),Count of valid zone shot count.,groupby size on the shot-attempt subset,0 shots recorded for this player-season-team,exclude,exclude,"Describe observation volume or data quality, not role."
points,season_totals,euroleague_players.csv,Total points scored.,as provided,not applicable (always present),exclude,exclude,Totals depend on playing time; the selected rates represent the same actions.
two_points_made,season_totals,euroleague_players.csv,Made 2-point field goals.,as provided,not applicable (always present),exclude,exclude,Totals depend on playing time; the selected rates represent the same actions.
two_points_attempted,season_totals,euroleague_players.csv,Attempted 2-point field goals.,as provided,not applicable (always present),exclude,exclude,Totals depend on playing time; the selected rates represent the same actions.
two_points_percentage,season_totals,euroleague_players.csv,2-point shooting percentage.,as provided,not applicable (always present),clustering feature (shooting efficiency),selected,"Conversion of each shot type; 3P% and FT% zero-attempt gaps median-filled, 2P% defined for every eligible row."
three_points_made,season_totals,euroleague_players.csv,Made 3-point field goals.,as provided,not applicable (always present),exclude,exclude,Totals depend on playing time; the selected rates represent the same actions.
three_points_attempted,season_totals,euroleague_players.csv,Attempted 3-point field goals.,as provided,not applicable (always present),exclude,exclude,Totals depend on playing time; the selected rates represent the same actions.
three_points_percentage,season_totals,euroleague_players.csv,3-point shooting percentage.,as provided,not applicable (always present),clustering feature (shooting efficiency),selected,"Conversion of each shot type; 3P% and FT% zero-attempt gaps median-filled, 2P% defined for every eligible row."
free_throws_made,season_totals,euroleague_players.csv,Made free throws.,as provided,not applicable (always present),exclude,exclude,Totals depend on playing time; the selected rates represent the same actions.
free_throws_attempted,season_totals,euroleague_players.csv,Attempted free throws.,as provided,not applicable (always present),exclude,exclude,Totals depend on playing time; the selected rates represent the same actions.
free_throws_percentage,season_totals,euroleague_players.csv,Free-throw percentage.,as provided,not applicable (always present),clustering feature (shooting efficiency),selected,"Conversion of each shot type; 3P% and FT% zero-attempt gaps median-filled, 2P% defined for every eligible row."
offensive_rebounds,season_totals,euroleague_players.csv,Offensive rebounds.,as provided,not applicable (always present),exclude,exclude,Totals depend on playing time; the selected rates represent the same actions.
defensive_rebounds,season_totals,euroleague_players.csv,Defensive rebounds.,as provided,not applicable (always present),exclude,exclude,Totals depend on playing time; the selected rates represent the same actions.
total_rebounds,season_totals,euroleague_players.csv,Total rebounds.,as provided,not applicable (always present),exclude,exclude,Totals depend on playing time; the selected rates represent the same actions.
assists,season_totals,euroleague_players.csv,Assists.,as provided,not applicable (always present),exclude,exclude,Totals depend on playing time; the selected rates represent the same actions.
steals,season_totals,euroleague_players.csv,Steals.,as provided,not applicable (always present),exclude,exclude,Totals depend on playing time; the selected rates represent the same actions.
turnovers,season_totals,euroleague_players.csv,Turnovers.,as provided,not applicable (always present),exclude,exclude,Totals depend on playing time; the selected rates represent the same actions.
blocks_favour,season_totals,euroleague_players.csv,Blocks made by the player.,as provided,not applicable (always present),exclude,exclude,Totals depend on playing time; the selected rates represent the same actions.
blocks_against,season_totals,euroleague_players.csv,Times the player was blocked.,as provided,not applicable (always present),exclude,exclude,Totals depend on playing time; the selected rates represent the same actions.
fouls_committed,season_totals,euroleague_players.csv,Personal fouls committed.,as provided,not applicable (always present),exclude,exclude,Totals depend on playing time; the selected rates represent the same actions.
fouls_received,season_totals,euroleague_players.csv,Fouls drawn.,as provided,not applicable (always present),exclude,exclude,Totals depend on playing time; the selected rates represent the same actions.
points_per_40,season_totals,derived,Points per 40 minutes played.,"points / minutes * 40, only where minutes > 0",minutes == 0 for this row,exclude,exclude,Outcome rebuilt almost exactly from attempts and percentages.
two_point_attempts_per_40,season_totals,derived,Two points attempted per 40 minutes played.,"two_points_attempted / minutes * 40, only where minutes > 0",minutes == 0 for this row,clustering feature (shooting volume),selected,"How often a player takes two- and three-point shots, normalized to a 40-minute regulation game."
three_point_attempts_per_40,season_totals,derived,Three points attempted per 40 minutes played.,"three_points_attempted / minutes * 40, only where minutes > 0",minutes == 0 for this row,clustering feature (shooting volume),selected,"How often a player takes two- and three-point shots, normalized to a 40-minute regulation game."
free_throw_attempts_per_40,season_totals,derived,Free throws attempted per 40 minutes played.,"free_throws_attempted / minutes * 40, only where minutes > 0",minutes == 0 for this row,exclude,exclude,Overlaps with fouls received; avoids repeated weight for contact pressure.
offensive_rebounds_per_40,season_totals,derived,Offensive rebounds per 40 minutes played.,"offensive_rebounds / minutes * 40, only where minutes > 0",minutes == 0 for this row,clustering feature (rebounding),selected,Offensive and defensive rebounding are different responsibilities.
defensive_rebounds_per_40,season_totals,derived,Defensive rebounds per 40 minutes played.,"defensive_rebounds / minutes * 40, only where minutes > 0",minutes == 0 for this row,clustering feature (rebounding),selected,Offensive and defensive rebounding are different responsibilities.
assists_per_40,season_totals,derived,Assists per 40 minutes played.,"assists / minutes * 40, only where minutes > 0",minutes == 0 for this row,clustering feature (playmaking),selected,Ball distribution and its cost.
steals_per_40,season_totals,derived,Steals per 40 minutes played.,"steals / minutes * 40, only where minutes > 0",minutes == 0 for this row,clustering feature (defense and physicality),selected,"Steals, blocks, and fouls committed describe defensive involvement."
turnovers_per_40,season_totals,derived,Turnovers per 40 minutes played.,"turnovers / minutes * 40, only where minutes > 0",minutes == 0 for this row,clustering feature (playmaking),selected,Ball distribution and its cost.
blocks_per_40,season_totals,derived,Blocks favour per 40 minutes played.,"blocks_favour / minutes * 40, only where minutes > 0",minutes == 0 for this row,clustering feature (defense and physicality),selected,"Steals, blocks, and fouls committed describe defensive involvement."
fouls_committed_per_40,season_totals,derived,Fouls committed per 40 minutes played.,"fouls_committed / minutes * 40, only where minutes > 0",minutes == 0 for this row,clustering feature (defense and physicality),selected,"Steals, blocks, and fouls committed describe defensive involvement."
fouls_received_per_40,season_totals,derived,Fouls received per 40 minutes played.,"fouls_received / minutes * 40, only where minutes > 0",minutes == 0 for this row,clustering feature (offensive pressure),selected,Every foul drawn; not interchangeable with fouls committed.
field_goal_attempts,shooting_mix,derived,Two-point plus three-point attempts (season totals).,two_points_attempted + three_points_attempted,not applicable,exclude,exclude,Totals depend on playing time; the selected rates represent the same actions.
two_point_attempt_share,shooting_mix,derived,Share of field-goal attempts that were two-pointers.,two_points_attempted / field_goal_attempts,field_goal_attempts == 0,exclude,exclude,Exact complements; event shares duplicate the season shares.
three_point_attempt_share,shooting_mix,derived,Share of field-goal attempts that were three-pointers.,three_points_attempted / field_goal_attempts,field_goal_attempts == 0,exclude,exclude,Exact complements; event shares duplicate the season shares.
free_throw_attempt_rate,shooting_mix,derived,Free-throw attempts relative to field-goal attempts.,free_throws_attempted / field_goal_attempts,field_goal_attempts == 0,exclude,exclude,Overlaps with fouls received; avoids repeated weight for contact pressure.
event_two_point_attempt_share,shooting_mix,derived,Share of recorded shot events that were two-point attempts.,two_point_event_count / shot_event_count,shot_event_count == 0,exclude,exclude,Exact complements; event shares duplicate the season shares.
event_three_point_attempt_share,shooting_mix,derived,Share of recorded shot events that were three-point attempts.,three_point_event_count / shot_event_count,shot_event_count == 0,exclude,exclude,Exact complements; event shares duplicate the season shares.
mean_lateral_shot_position,spatial,euroleague_points.csv (aggregated),Mean coord_x across valid field-goal attempts.,"computed on valid_spatial_shot_count field-goal attempts, basket at (0, 0)","no valid spatial shots for this player-season-team, or only one shot (std only)",exclude,exclude,Only shows which side of the court a player favors; not a role.
lateral_shot_position_std,spatial,euroleague_points.csv (aggregated),Standard deviation of coord_x across valid field-goal attempts.,"computed on valid_spatial_shot_count field-goal attempts, basket at (0, 0)","no valid spatial shots for this player-season-team, or only one shot (std only)",clustering feature (shot-location profile),selected,"Typical range, variation in distance, and lateral width, from recorded coordinates."
mean_longitudinal_shot_position,spatial,euroleague_points.csv (aggregated),Mean coord_y across valid field-goal attempts.,"computed on valid_spatial_shot_count field-goal attempts, basket at (0, 0)","no valid spatial shots for this player-season-team, or only one shot (std only)",exclude,exclude,"Repeats shooting range (r = 0.923 with mean, 0.850 with median distance)."
longitudinal_shot_position_std,spatial,euroleague_points.csv (aggregated),Standard deviation of coord_y across valid field-goal attempts.,"computed on valid_spatial_shot_count field-goal attempts, basket at (0, 0)","no valid spatial shots for this player-season-team, or only one shot (std only)",exclude,exclude,Repeats raw_shot_distance_std (r = 0.882).
mean_raw_shot_distance,spatial,euroleague_points.csv (aggregated),"Mean distance from (0, 0) across valid field-goal attempts, raw coordinate units.","computed on valid_spatial_shot_count field-goal attempts, basket at (0, 0)","no valid spatial shots for this player-season-team, or only one shot (std only)",exclude,exclude,Repeats median_raw_shot_distance (r = 0.924).
median_raw_shot_distance,spatial,euroleague_points.csv (aggregated),"Median distance from (0, 0) across valid field-goal attempts, raw coordinate units.","computed on valid_spatial_shot_count field-goal attempts, basket at (0, 0)","no valid spatial shots for this player-season-team, or only one shot (std only)",clustering feature (shot-location profile),selected,"Typical range, variation in distance, and lateral width, from recorded coordinates."
raw_shot_distance_std,spatial,euroleague_points.csv (aggregated),"Standard deviation of distance from (0, 0), raw coordinate units.","computed on valid_spatial_shot_count field-goal attempts, basket at (0, 0)","no valid spatial shots for this player-season-team, or only one shot (std only)",clustering feature (shot-location profile),selected,"Typical range, variation in distance, and lateral width, from recorded coordinates."
zone_a_attempt_share,spatial,euroleague_points.csv (aggregated),Share of valid field-goal attempts recorded in zone A.,count in zone A / valid_zone_shot_count,no valid spatial shots for this player-season-team,descriptive / QA only,descriptive_qa_only,Undocumented zone letters mark different court areas in E2007-E2008 than later.
zone_b_attempt_share,spatial,euroleague_points.csv (aggregated),Share of valid field-goal attempts recorded in zone B.,count in zone B / valid_zone_shot_count,no valid spatial shots for this player-season-team,descriptive / QA only,descriptive_qa_only,Undocumented zone letters mark different court areas in E2007-E2008 than later.
zone_c_attempt_share,spatial,euroleague_points.csv (aggregated),Share of valid field-goal attempts recorded in zone C.,count in zone C / valid_zone_shot_count,no valid spatial shots for this player-season-team,descriptive / QA only,descriptive_qa_only,Undocumented zone letters mark different court areas in E2007-E2008 than later.
zone_d_attempt_share,spatial,euroleague_points.csv (aggregated),Share of valid field-goal attempts recorded in zone D.,count in zone D / valid_zone_shot_count,no valid spatial shots for this player-season-team,descriptive / QA only,descriptive_qa_only,Undocumented zone letters mark different court areas in E2007-E2008 than later.
zone_e_attempt_share,spatial,euroleague_points.csv (aggregated),Share of valid field-goal attempts recorded in zone E.,count in zone E / valid_zone_shot_count,no valid spatial shots for this player-season-team,descriptive / QA only,descriptive_qa_only,Undocumented zone letters mark different court areas in E2007-E2008 than later.
zone_f_attempt_share,spatial,euroleague_points.csv (aggregated),Share of valid field-goal attempts recorded in zone F.,count in zone F / valid_zone_shot_count,no valid spatial shots for this player-season-team,descriptive / QA only,descriptive_qa_only,Undocumented zone letters mark different court areas in E2007-E2008 than later.
zone_g_attempt_share,spatial,euroleague_points.csv (aggregated),Share of valid field-goal attempts recorded in zone G.,count in zone G / valid_zone_shot_count,no valid spatial shots for this player-season-team,descriptive / QA only,descriptive_qa_only,Undocumented zone letters mark different court areas in E2007-E2008 than later.
zone_h_attempt_share,spatial,euroleague_points.csv (aggregated),Share of valid field-goal attempts recorded in zone H.,count in zone H / valid_zone_shot_count,no valid spatial shots for this player-season-team,descriptive / QA only,descriptive_qa_only,Undocumented zone letters mark different court areas in E2007-E2008 than later.
zone_i_attempt_share,spatial,euroleague_points.csv (aggregated),Share of valid field-goal attempts recorded in zone I.,count in zone I / valid_zone_shot_count,no valid spatial shots for this player-season-team,descriptive / QA only,descriptive_qa_only,Undocumented zone letters mark different court areas in E2007-E2008 than later.
zone_j_attempt_share,spatial,euroleague_points.csv (aggregated),Share of valid field-goal attempts recorded in zone J.,count in zone J / valid_zone_shot_count,no valid spatial shots for this player-season-team,descriptive / QA only,descriptive_qa_only,Undocumented zone letters mark different court areas in E2007-E2008 than later.
valuation,excluded_descriptive,euroleague_players.csv,Season total for valuation.,as provided,not applicable (always present),exclude,exclude,"Broad outcome and team-context measures, not a specific role dimension."
plus_minus,excluded_descriptive,euroleague_players.csv,Season total for plus minus.,as provided,not applicable (always present),exclude,exclude,"Broad outcome and team-context measures, not a specific role dimension."
eligible_for_modeling,coverage,derived,Flag: meets the selected participation rule for the modeling sample (games_played >= 5 and minutes >= 100).,games_played >= 5 and minutes >= 100,not applicable (always present),exclude,exclude,"Describe observation volume or data quality, not role."
has_three_point_attempts,shooting_mix,derived,Flag: at least one three-point attempt.,three_points_attempted > 0,not applicable (always present),QA only,qa_only,Retained for QA and missing-value handling; not clustering inputs.
has_free_throw_attempts,shooting_mix,derived,Flag: at least one free-throw attempt.,free_throws_attempted > 0,not applicable (always present),QA only,qa_only,Retained for QA and missing-value handling; not clustering inputs.
position_wiki,descriptive,Wikipedia (verified identity),Five-category position from Wikipedia.,normalized from the infobox position,no verified Wikipedia match,comparison only,comparison_only,"Used only to interpret clusters afterwards, never to define them."
position_365scores,descriptive,365scores.com,Five-category position from 365scores.,formation position; staff matches set to missing,no player match on 365scores,comparison only,comparison_only,"Used only to interpret clusters afterwards, never to define them."
position_reconciled,descriptive,derived,Five-category position used for comparison.,"position_365scores, falling back to position_wiki",neither source resolved,comparison only,comparison_only,"Used only to interpret clusters afterwards, never to define them."
position_reconciled_source,descriptive,derived,Source of position_reconciled.,365scores or wikipedia,neither source resolved,comparison only,comparison_only,"Used only to interpret clusters afterwards, never to define them."
