player_id,player,nationality,born,height_cm,source
PJVE,"AKIN, FIKRET CAN",Turkiye,1983-01-30T00:00:00,190,Wikipedia
PBXK,"AKYOL, CENK",Turkiye,1987-04-16T00:00:00,197,Wikipedia
PAWM,"AÇIK, TUTKU",Turkiye,1980-09-01T00:00:00,194,wikipedia
P003521,"BALBAY, DOGUS",Turkiye,1989-01-21T00:00:00,185,365Scores
P003490,"BARTHEL, DANILO",Germany,1991-10-24T00:00:00,208,365Scores
PBCW,"BARTON, LUBOS",Czech Republic,1980-04-07T00:00:00,202,wikipedia
PAVV,"BEGHIN, CHRISTOPHE",Belgium,1980-01-02T00:00:00,206,wikipedia
PJJY,"BOZIC, PETAR",Serbia,1978-12-06T00:00:00,197,Wikipedia
PAHU,"BULLERI, MASSIMO",Italy,1977-09-10T00:00:00,188,Wikipedia
P000109,"CETIN, SERHAT",Turkiye,1986-02-23T00:00:00,197,Wikipedia
P012406,"CHEATHAM, ZYLAN ANTHONY",United States of America,1995-11-17T00:00:00,196,365Scores
PTGO,"CROSARIOL, ANDREA",Italy,1984-11-11T00:00:00,211,Wikipedia
PJSR,"ENSMINGER, CHRIS",United States of America,1973-12-08T00:00:00,209,Wikipedia
P003390,"FRASUNKIEWICZ, PRZEMYSLAW",Poland,1979-01-08T00:00:00,202,wikipedia
PBIM,"GABRIEL, GERMAN",Spain,1980-11-16T00:00:00,207,wikipedia
P001252,"GAVEL, ANTON",Germany,1984-10-24T00:00:00,189,Wikipedia
P000406,"GEORGALLIS, IOANNIS",Greece,1983-05-17T00:00:00,200,Wikipedia
P005274,"GLADYR, SERGII",Ukraine,1988-10-17T00:00:00,196,Wikipedia
P001216,"GOMIS, JOSEPH",France,1978-07-02T00:00:00,180,Wikipedia
PKOO,"GREENE, DEMOND",Germany,1979-06-15T00:00:00,185,Wikipedia
PBKE,"GRIMAU, ROGER",Spain,1978-07-14T00:00:00,196,Wikipedia
PAOZ,"HALPERIN, YOTAM",Israel,1984-01-24T00:00:00,193,Wikipedia
PLCW,"JANAVICIUS, ZYGIMANTAS",Lithuania,1989-02-20T00:00:00,193,365Scores
PADG,"JASIKEVICIUS, SARUNAS",Lithuania,1976-03-05T00:00:00,194,Wikipedia
PJUP,"KAIMAKOGLOU, KOSTAS",Greece,1983-03-15T00:00:00,206,Sport365
PAPI,"KALAITZIS, GEORGIOS",Greece,1976-08-29T00:00:00,196,Wikipedia
PBZQ,"KALAMPOKIS, IOANNIS",Greece,1978-08-15T00:00:00,196,Wikipedia
PJBX,"KALNIETIS, MANTAS",Lithuania,1986-09-06T00:00:00,196,365Scores
PBFE,"KECMAN, DUSAN",Serbia,1977-11-06T00:00:00,197,wikipedia
P004178,"KOPONEN, PETTERI",Finland,1988-04-13T00:00:00,193,365Scores
PATA,"LAKOVIC, JAKA",Slovenia,1978-07-09T00:00:00,185,365Scores
PCIU,"MAJSTOROVIC, MILAN",Serbia,1983-01-28T00:00:00,207,Wikipedia
PBED,"MARKOISHVILI, MANUCHAR",Georgia,1986-11-17T00:00:00,197,Wikipedia
P001351,"MARTINEZ, RAFA",Spain,1982-03-03T00:00:00,191,365Scores
PACX,"MASIULIS, TOMAS",Lithuania,1975-09-19T00:00:00,206,365Scores
P001946,"MEJIA, SAMMY",United States of America,1983-02-07T00:00:00,198,365Scores
P000713,"MILICIC, IGOR",Poland,1976-06-09T00:00:00,196,Wikipedia
PBDH,"MOTTOLA, HANNO",Finland,1976-09-09T00:00:00,209,Wikipedia
P001324,"MUHAMMED, ALI",United States of America,1983-04-10T00:00:00,178,wikipedia
PBFJ,"MUMBRU, ALEX",Spain,1979-06-12T00:00:00,202,Wikipedia
P000554,"OLIVER, ALBERT",Spain,1978-06-04T00:00:00,188,365Scores
P001920,"PERKINS, DORON",United States of America,1983-05-06T00:00:00,191,Wikipedia
PLKX,"PNINI, GUY",Israel,1983-09-04T00:00:00,201,365Scores
P002083,"POETA, GIUSEPPE",Italy,1985-09-12T00:00:00,190,Wikipedia
PATP,"POPOVIC, MARKO",Croatia,1982-06-12T00:00:00,185,wikipedia
PTFC,"POUPET, PIERRIC",France,1984-08-18T00:00:00,193,Wikipedia
PBGO,"SADA, VICTOR",Spain,1984-03-08T00:00:00,192,Wikipedia
P000518,"SAN EMETERIO, FERNANDO",Spain,1984-01-01T00:00:00,198,365Scores
PKOD,"SAVANOVIC, DUSKO",Serbia,1983-09-05T00:00:00,204,Wikipedia
P000202,"SEHOVIC, SUAD",Montenegro,1987-02-19T00:00:00,198,365Scores
PKNO,"SEIBUTIS, RENALDAS",Lithuania,1985-07-23T00:00:00,196,365Scores
PBAO,"SERAPINAS, SIMONAS",Lithuania,1982-02-24T00:00:00,197,Wikipedia
PLRU,"SIMONOVIC, MARKO",Serbia,1986-05-30T00:00:00,203,365Scores
PJUO,"SPANOULIS, VASSILIS",Greece,1982-08-07T00:00:00,193,365Scores
PCBY,"SPLITTER, TIAGO",Brazil,1985-01-01T00:00:00,211,Wikipedia
P001209,"SZCZOTKA, PIOTR",Poland,1981-06-17T00:00:00,198,wikipedia
PLGM,"TSALDARIS, DIMITRIOS",Greece,1980-03-07T00:00:00,196,Wikipedia
PJNN,"VELICKOVIC, NOVICA",Serbia,1986-10-05T00:00:00,206,365Scores
PAUT,"VUKCEVIC, DUSAN",Greece,1975-11-14T00:00:00,202,wikipedia
P004212,"WILLIAMS, MARCUS",United States of America,1985-12-03T00:00:00,188,365Scores
P011940,"WINSTON, CASSIUS",United States of America,1998-02-28T00:00:00,185,365Scores
PKPV,"ZAVACKAS, DONATAS",Lithuania,1980-04-23T00:00:00,203,Wikipedia
