player_id,player,height_cm,source_type,source_height_raw,source_reference,source_url,notes
PJVE,"AKIN, FIKRET CAN",190,Wikipedia,"6 ft 2.75 in",Can Akın,https://en.wikipedia.org/wiki/Can_Ak%C4%B1n,"Converted from imperial and rounded to nearest cm"
PBXK,"AKYOL, CENK",197,Wikipedia,"6 ft 5.5 in",Cenk Akyol,https://en.wikipedia.org/wiki/Cenk_Akyol,"Converted from imperial and rounded to nearest cm"
P003521,"BALBAY, DOGUS",185,365Scores,"6 ft 1 in","athlete_id=53193; local player_positions_365scores.csv",,"Exact identity match; converted from imperial and rounded to nearest cm"
P003490,"BARTHEL, DANILO",208,365Scores,"6 ft 10 in","athlete_id=64385; verified name and birth date via 365Scores API",,"Converted from imperial and rounded to nearest cm"
PJJY,"BOZIC, PETAR",197,Wikipedia,"6 ft 5.75 in",Petar Božić,https://en.wikipedia.org/wiki/Petar_Bo%C5%BEi%C4%87,"Converted from imperial and rounded to nearest cm"
PAHU,"BULLERI, MASSIMO",188,Wikipedia,"188 cm",Massimo Bulleri,https://it.wikipedia.org/wiki/Massimo_Bulleri,"Metric height stated directly"
P000109,"CETIN, SERHAT",197,Wikipedia,"6 ft 5.75 in",Serhat Çetin,https://en.wikipedia.org/wiki/Serhat_%C3%87etin,"Converted from imperial and rounded to nearest cm"
P012406,"CHEATHAM, ZYLAN ANTHONY",196,365Scores,"6 ft 5 in","athlete_id=71723; verified exact name and birth date via 365Scores API",,"Converted from imperial and rounded to nearest cm; Wikipedia/NBL sources list a taller height, but 365Scores was chosen under the project source-priority rule"
PTGO,"CROSARIOL, ANDREA",211,Wikipedia,"6 ft 11 in",Andrea Crosariol,https://en.wikipedia.org/wiki/Andrea_Crosariol,"Converted from imperial and rounded to nearest cm"
PJSR,"ENSMINGER, CHRIS",209,Wikipedia,"209 cm",Chris Ensminger,https://de.wikipedia.org/wiki/Chris_Ensminger,"Metric height stated directly"
P001252,"GAVEL, ANTON",189,Wikipedia,"1.89 m",Anton Gavel,https://en.wikipedia.org/wiki/Anton_Gavel,"Metric height stated directly"
P000406,"GEORGALLIS, IOANNIS",200,Wikipedia,"2.00 m",Ioannis Georgallis,https://en.wikipedia.org/wiki/Ioannis_Georgallis,"Metric height stated directly in article text"
P005274,"GLADYR, SERGII",196,Wikipedia,"6 ft 5 in",Sergiy Gladyr,https://en.wikipedia.org/wiki/Sergiy_Gladyr,"Name spelling variant verified; converted from imperial and rounded to nearest cm"
P001216,"GOMIS, JOSEPH",180,Wikipedia,"1.80 m",Joseph Gomis,https://en.wikipedia.org/wiki/Joseph_Gomis,"Metric height stated directly"
PKOO,"GREENE, DEMOND",185,Wikipedia,"185 cm",Demond Greene,https://de.wikipedia.org/wiki/Demond_Greene,"Metric height stated directly"
PBKE,"GRIMAU, ROGER",196,Wikipedia,"1.96 m",Roger Grimau,https://en.wikipedia.org/wiki/Roger_Grimau,"Metric height stated directly in article text"
PAOZ,"HALPERIN, YOTAM",193,Wikipedia,"1.93 m",Yotam Halperin,https://en.wikipedia.org/wiki/Yotam_Halperin,"Metric height stated directly"
PLCW,"JANAVICIUS, ZYGIMANTAS",193,365Scores,"6 ft 4 in","athlete_id=72764; local player_positions_365scores.csv",,"Exact identity match; converted from imperial and rounded to nearest cm"
PADG,"JASIKEVICIUS, SARUNAS",194,Wikipedia,"1.94 m",Šarūnas Jasikevičius,https://en.wikipedia.org/wiki/%C5%A0ar%C5%ABnas_Jasikevi%C4%8Dius,"Metric height stated directly; other sports databases vary by 1-2 cm"
PAPI,"KALAITZIS, GEORGIOS",196,Wikipedia,"1.96 m",Georgios Kalaitzis,https://en.wikipedia.org/wiki/Georgios_Kalaitzis,"Metric height stated directly in article text"
PBZQ,"KALAMPOKIS, IOANNIS",196,Wikipedia,"6 ft 5 in",Giannis Kalampokis,https://en.wikipedia.org/wiki/Giannis_Kalampokis,"Ioannis/Giannis spelling variant verified; converted from imperial and rounded to nearest cm"
PJBX,"KALNIETIS, MANTAS",196,365Scores,"6 ft 5 in","athlete_id=53157; local player_positions_365scores.csv",,"Exact identity match; converted from imperial and rounded to nearest cm"
P004178,"KOPONEN, PETTERI",193,365Scores,"6 ft 4 in","athlete_id=53115; verified exact name and birth date via 365Scores API",,"Converted from imperial and rounded to nearest cm; Wikipedia lists 194 cm"
PATA,"LAKOVIC, JAKA",185,365Scores,"6 ft 1 in","athlete_id=71399; local player_positions_365scores.csv",,"Exact identity match; converted from imperial and rounded to nearest cm"
PCIU,"MAJSTOROVIC, MILAN",207,Wikipedia,"2.07 m",Milan Majstorović,https://en.wikipedia.org/wiki/Milan_Majstorovi%C4%87,"Metric height stated directly"
PBED,"MARKOISHVILI, MANUCHAR",197,Wikipedia,"6 ft 5.75 in",Manuchar Markoishvili,https://en.wikipedia.org/wiki/Manuchar_Markoishvili,"Converted from imperial and rounded to nearest cm"
P001351,"MARTINEZ, RAFA",191,365Scores,"6 ft 3 in","athlete_id=53128; local player_positions_365scores.csv",,"Exact identity match; converted from imperial and rounded to nearest cm"
PACX,"MASIULIS, TOMAS",206,365Scores,"6 ft 9 in","athlete_id=81889; local player_positions_365scores.csv",,"Exact identity match; converted from imperial and rounded to nearest cm"
P001946,"MEJIA, SAMMY",198,365Scores,"6 ft 6 in","athlete_id=71394; local player_positions_365scores.csv",,"Exact identity match; converted from imperial and rounded to nearest cm"
P000713,"MILICIC, IGOR",196,Wikipedia,"196 cm",Igor Miličić,https://en.wikipedia.org/wiki/Igor_Mili%C4%8Di%C4%87,"Metric height stated directly; verified as the 1976-born player, not Igor Miličić Jr."
PBDH,"MOTTOLA, HANNO",209,Wikipedia,"209 cm",Hanno Möttölä,https://de.wikipedia.org/wiki/Hanno_M%C3%B6tt%C3%B6l%C3%A4,"Metric height stated directly"
PBFJ,"MUMBRU, ALEX",202,Wikipedia,"2.02 m",Álex Mumbrú,https://en.wikipedia.org/wiki/%C3%81lex_Mumbr%C3%BA,"Metric height stated directly"
P000554,"OLIVER, ALBERT",188,365Scores,"6 ft 2 in","athlete_id=64419; verified exact name and birth date via 365Scores API",,"Converted from imperial and rounded to nearest cm"
P001920,"PERKINS, DORON",191,Wikipedia,"1.91 m",Doron Perkins,https://en.wikipedia.org/wiki/Doron_Perkins,"Metric height stated directly in article text"
PLKX,"PNINI, GUY",201,365Scores,"6 ft 7 in","athlete_id=64746; local player_positions_365scores.csv",,"Exact identity match; converted from imperial and rounded to nearest cm"
P002083,"POETA, GIUSEPPE",190,Wikipedia,"1.90 m",Giuseppe Poeta,https://en.wikipedia.org/wiki/Giuseppe_Poeta,"Metric height stated directly"
PTFC,"POUPET, PIERRIC",193,Wikipedia,"6 ft 4 in",Pierric Poupet,https://en.wikipedia.org/wiki/Pierric_Poupet,"Converted from imperial and rounded to nearest cm"
PBGO,"SADA, VICTOR",192,Wikipedia,"1.92 m",Víctor Sada,https://es.wikipedia.org/wiki/V%C3%ADctor_Sada,"Metric height stated directly"
P000518,"SAN EMETERIO, FERNANDO",198,365Scores,"6 ft 6 in","athlete_id=53902; local player_positions_365scores.csv",,"Exact identity match; converted from imperial and rounded to nearest cm"
PKOD,"SAVANOVIC, DUSKO",204,Wikipedia,"2.04 m",Duško Savanović,https://en.wikipedia.org/wiki/Du%C5%A1ko_Savanovi%C4%87,"Metric height stated directly"
P000202,"SEHOVIC, SUAD",198,365Scores,"6 ft 6 in","athlete_id=64402; local player_positions_365scores.csv",,"Exact identity match; converted from imperial and rounded to nearest cm"
PKNO,"SEIBUTIS, RENALDAS",196,365Scores,"6 ft 5 in","athlete_id=67487; local player_positions_365scores.csv",,"Exact identity match; converted from imperial and rounded to nearest cm"
PBAO,"SERAPINAS, SIMONAS",197,Wikipedia,"1.97 m",Simonas Serapinas,https://en.wikipedia.org/wiki/Simonas_Serapinas,"Metric height stated directly"
PLRU,"SIMONOVIC, MARKO",203,365Scores,"6 ft 8 in","athlete_id=104020; verified name and 1986 birth date via 365Scores API",,"Verified as the 1986-born Serbian player, not athlete_id=69912, the 1999-born Montenegrin player; converted from imperial and rounded to nearest cm"
PJUO,"SPANOULIS, VASSILIS",193,365Scores,"6 ft 4 in","athlete_id=64361; verified player identity via 365Scores API",,"Converted from imperial and rounded to nearest cm"
PCBY,"SPLITTER, TIAGO",211,Wikipedia,"6 ft 11 in",Tiago Splitter,https://en.wikipedia.org/wiki/Tiago_Splitter,"Converted from imperial and rounded to nearest cm"
PLGM,"TSALDARIS, DIMITRIOS",196,Wikipedia,"1.96 m",Dimitrios Tsaldaris,https://en.wikipedia.org/wiki/Dimitrios_Tsaldaris,"Metric height stated directly in article text"
PJNN,"VELICKOVIC, NOVICA",206,365Scores,"6 ft 9 in","athlete_id=71197; local player_positions_365scores.csv",,"Exact identity match; converted from imperial and rounded to nearest cm"
P004212,"WILLIAMS, MARCUS",188,365Scores,"6 ft 2 in","athlete_id=109930; local player_positions_365scores.csv",,"Exact identity match; converted from imperial and rounded to nearest cm"
P011940,"WINSTON, CASSIUS",185,365Scores,"6 ft 1 in","athlete_id=86135; local player_positions_365scores.csv",,"Exact identity match; converted from imperial and rounded to nearest cm"
PKPV,"ZAVACKAS, DONATAS",203,Wikipedia,"6 ft 8 in",Donatas Zavackas,https://en.wikipedia.org/wiki/Donatas_Zavackas,"Converted from imperial and rounded to nearest cm"
